epoch,lr,train_loss,val_loss,val_iou,val_dice,val_precision,val_recall,val_accuracy,seconds
1,0.000298,0.64410,0.64050,0.00000,0.00000,0.00000,0.00000,0.68010,2.8
2,0.000293,0.55479,0.61944,0.00033,0.00067,1.00000,0.00033,0.68021,2.5
3,0.000284,0.50166,0.57410,0.94835,0.97349,0.99399,0.95383,0.98338,2.6
4,0.000273,0.49576,0.49771,0.96745,0.98346,0.97883,0.98812,0.98936,2.4
5,0.000258,0.44023,0.44111,0.96931,0.98442,0.97613,0.99285,0.98994,2.4
6,0.000241,0.46570,0.40231,0.96628,0.98285,0.96956,0.99652,0.98888,2.3
7,0.000222,0.41643,0.37801,0.97123,0.98540,0.97600,0.99499,0.99057,2.4
8,0.000202,0.46608,0.35635,0.96559,0.98250,0.96814,0.99728,0.98863,2.3
9,0.000180,0.42575,0.35238,0.96987,0.98471,0.97317,0.99652,0.99010,2.2
10,0.000158,0.46535,0.34817,0.96702,0.98324,0.96954,0.99733,0.98912,2.2
11,0.000135,0.46027,0.34287,0.96312,0.98122,0.96508,0.99790,0.98778,2.3
12,0.000113,0.43611,0.34292,0.96610,0.98276,0.96820,0.99776,0.98880,2.2
13,0.000093,0.44234,0.34100,0.96317,0.98124,0.96521,0.99781,0.98779,2.2
14,0.000074,0.45340,0.33828,0.96215,0.98071,0.96414,0.99785,0.98744,2.2
15,0.000057,0.41543,0.34110,0.96981,0.98467,0.97229,0.99738,0.99007,2.2
16,0.000042,0.45935,0.34003,0.96153,0.98039,0.96339,0.99800,0.98723,2.3
17,0.000031,0.42007,0.34167,0.96815,0.98382,0.97053,0.99747,0.98950,2.2
18,0.000022,0.43100,0.33936,0.96797,0.98372,0.97035,0.99747,0.98944,2.2
19,0.000017,0.48245,0.33233,0.95991,0.97954,0.96163,0.99814,0.98666,2.3
20,0.000015,0.45474,0.33303,0.96008,0.97963,0.96185,0.99809,0.98672,2.2
